Date,PG,BRK-B,V,MSFT,FB,INTC,NVDA,JNJ,GOOG,XOM,MA,DIS,JPM,PYPL,HD,GOOGL,CSCO,CMCSA,ADBE,BAC,AAPL,TSLA,VZ,UNH,AMZN
2020-08-03,128.151154,199.259995,189.545685,214.46344,251.960007,47.050617,109.973892,143.569092,1474.449951,39.20977,311.094849,116.349998,93.443634,197.070007,260.34259,1482.76001,45.704472,42.095764,447.970001,24.438637,108.208389,297.0,54.824715,299.118011,3111.889893
2020-08-04,130.591385,200.240005,191.136078,211.244598,249.830002,47.859154,112.146339,143.442429,1464.969971,40.341984,312.886322,117.290001,92.908844,197.330002,261.995544,1473.300049,46.19873,42.419727,446.920013,24.458197,108.931015,297.399994,55.466442,299.994843,3138.830078
2020-08-05,130.249771,203.619995,194.923233,210.897964,249.119995,47.654583,112.735664,144.592133,1473.609985,40.694637,326.431183,127.610001,94.522949,202.910004,261.614075,1479.089966,45.869225,41.516556,449.51001,24.829809,109.325851,297.003998,55.112049,307.846954,3205.030029
2020-08-06,129.537231,205.020004,197.577209,214.275269,265.279999,47.634968,113.222595,143.763977,1500.099976,40.499748,328.560944,130.820007,94.552116,204.089996,263.462616,1504.949951,46.295643,42.085949,464.109985,24.908045,113.140152,297.915985,55.389812,309.413422,3225.0
2020-08-07,130.357147,209.479996,195.181656,210.442368,268.440002,47.105358,111.864182,144.787033,1494.48999,40.314137,326.45105,129.929993,96.632973,198.630005,265.682861,1498.369995,45.966141,42.027046,449.570007,25.533924,110.567833,290.541992,56.060276,312.339447,3167.459961
2020-08-10,130.893982,212.580002,195.60907,206.25293,263.0,48.272457,111.519577,144.231659,1496.099976,41.307148,321.335724,128.789993,97.858139,193.320007,268.705078,1496.819946,46.256874,42.233212,443.290009,25.973995,112.174911,283.713989,56.50087,314.378845,3148.159912
2020-08-11,130.044769,212.660004,196.583206,201.429657,256.130005,47.262283,108.373268,143.198853,1480.319946,41.734047,326.968628,130.490005,100.950233,189.029999,268.8909,1480.540039,45.733547,42.203754,435.230011,26.326056,108.838837,274.877991,56.041119,310.881348,3080.669922
2020-08-12,132.221481,213.240005,197.547394,207.183945,259.890015,48.243027,114.268867,145.819824,1506.619995,41.724583,326.062927,131.789993,100.094566,191.320007,275.404846,1507.23999,46.615459,42.547356,445.359985,26.140245,112.456024,310.951996,56.127323,317.501923,3162.23999
2020-08-13,132.533829,211.979996,196.691238,206.698624,261.299988,47.62516,114.296341,144.202423,1518.449951,40.702522,324.629822,130.960007,99.540321,193.070007,275.483093,1516.650024,41.401505,42.596436,450.019989,25.768629,114.446213,324.200012,56.050697,316.763031,3161.02002
2020-08-14,131.870071,210.960007,195.755463,206.896698,261.23999,47.948803,115.504913,144.436264,1507.72998,40.882328,325.236938,130.529999,99.579224,191.460007,274.39743,1504.630005,41.188293,42.969486,447.600006,25.885983,114.344223,330.141998,56.309307,318.910767,3148.02002
2020-08-17,132.260513,206.779999,198.532913,208.263489,261.160004,47.988041,123.225883,145.167007,1517.97998,40.352371,328.650543,129.369995,96.953842,196.289993,281.918823,1516.23999,40.790951,42.733879,451.579987,25.328556,114.045685,367.127991,56.299728,315.768005,3182.409912
2020-08-18,133.246368,208.330002,198.114807,209.461884,262.339996,47.713432,122.464279,146.238785,1558.599976,40.153641,329.41684,128.919998,95.602272,194.570007,278.749878,1555.780029,40.684345,42.743698,463.51001,24.966722,114.99601,377.417999,56.68285,312.122742,3312.48999
2020-08-19,132.524078,207.210007,200.085907,208.191086,262.589996,47.399586,121.24321,146.531097,1547.530029,39.708855,330.81015,127.769997,95.825912,192.440002,276.656769,1544.609985,40.57774,42.527718,462.01001,24.937384,115.140297,375.705994,56.558334,310.733582,3260.47998
2020-08-20,133.578247,206.119995,203.231674,213.035965,269.01001,48.223412,121.268181,147.534668,1581.75,39.103191,335.706604,128.119995,94.678528,198.179993,274.524628,1576.25,41.004162,42.47863,478.480011,24.546207,117.695213,400.365997,56.47213,308.694214,3297.370117
2020-08-21,134.154144,207.429993,203.211777,211.487198,267.01001,48.331299,126.686844,148.840286,1580.420044,38.809822,335.487671,127.440002,94.629913,196.789993,277.018677,1575.569946,40.946011,42.282288,473.220001,24.428856,123.760338,409.996002,56.50087,309.492218,3284.719971
2020-08-24,135.198547,212.610001,205.481522,212.152374,271.390015,48.193993,127.053909,149.232605,1588.199951,39.954906,341.996368,130.690002,97.294174,198.880005,280.461456,1585.150024,40.878174,42.99894,476.299988,25.123194,125.24054,402.839996,57.056393,304.27066,3307.459961
2020-08-25,135.735397,213.350006,207.163925,214.912384,280.820007,48.478409,127.351067,149.144333,1608.219971,38.686798,345.997192,129.789993,97.722015,201.669998,279.855072,1605.849976,40.664963,42.616074,484.429993,25.426352,124.213104,404.667999,56.912724,307.600616,3346.48999
2020-08-26,135.081421,214.660004,209.314209,219.558701,303.910004,48.5961,127.580795,149.37973,1652.380005,37.863472,349.341064,132.179993,96.350983,203.479996,285.527893,1644.130005,40.946011,43.391628,528.48999,24.996059,125.902283,430.634003,56.951038,304.250946,3441.850098
2020-08-27,134.905731,216.869995,210.08075,224.949631,293.220001,48.44899,126.134995,150.046692,1634.329956,37.60796,354.297302,133.729996,99.520874,204.339996,282.300262,1628.52002,40.984776,43.725403,510.320007,25.475248,124.397202,447.75,56.922302,307.058807,3400.0
2020-08-28,135.452347,218.550003,214.739685,227.262863,293.660004,49.45916,131.323898,150.694046,1644.410034,38.506989,364.368896,135.539993,99.929253,204.479996,280.011566,1639.430054,40.897556,43.745037,516.440002,25.719732,124.195694,442.679993,56.759472,309.718811,3401.800049
2020-08-31,135.022858,218.039993,211.036423,223.907166,293.200012,49.969151,133.588776,150.46846,1634.180054,37.797226,356.476807,131.869995,97.420578,204.139999,278.789032,1629.530029,40.916939,43.990471,513.390015,25.172087,128.40744,498.320007,56.769054,307.92572,3450.959961
2020-09-01,134.87645,218.550003,212.390305,225.634674,295.440002,49.812229,138.089859,148.614685,1660.709961,37.31459,355.192963,133.550003,97.371956,208.929993,279.66925,1655.079956,40.7328,44.226074,527.950012,25.142748,133.522247,475.049988,56.663692,308.201599,3499.120117
2020-09-02,137.150726,221.679993,215.506226,229.983139,302.5,51.244125,143.340302,150.880402,1728.280029,37.087463,358.974823,135.389999,98.840225,210.820007,282.382965,1717.390015,41.110764,44.343884,533.799988,25.445911,130.755875,447.369995,57.975887,315.501953,3531.449951
2020-09-03,134.954544,218.149994,208.020065,215.73642,291.119995,49.41993,130.041855,146.682465,1641.839966,37.011757,342.195435,133.240005,98.529068,204.990005,270.023804,1629.51001,39.686134,43.627235,507.799988,25.268656,120.287437,407.0,58.052509,311.551331,3368.0
2020-09-04,134.661697,218.320007,203.739395,212.708359,282.730011,49.115902,126.11528,145.740875,1591.040039,36.983368,333.407654,131.990005,100.658531,191.839996,265.137177,1581.209961,39.560146,43.617413,491.940002,26.135237,120.36705,418.320007,57.927994,307.383911,3294.620117
2020-09-08,132.689987,217.800003,199.219818,201.201736,271.160004,47.968418,119.026443,144.436371,1532.390015,36.131653,328.302185,134.199997,97.158043,185.949997,264.743866,1523.599976,38.765453,43.008762,462.130005,25.0914,112.266953,330.209991,57.429939,302.704163,3149.840088
2020-09-09,134.847153,219.630005,203.14209,209.769638,273.720001,48.664749,127.039474,146.82959,1556.959961,35.913994,338.015533,133.360001,98.081779,194.600006,272.393372,1547.22998,38.891441,43.784309,479.459991,25.120945,116.744888,366.279999,57.506561,307.403595,3268.610107
2020-09-10,133.431808,217.800003,200.633423,203.892227,268.089996,48.01746,123.010483,144.093094,1532.02002,35.014957,331.287872,133.220001,97.070534,190.089996,268.12616,1526.050049,38.348724,43.21492,476.26001,24.756588,112.93367,371.339996,57.018078,300.093384,3175.110107
2020-09-11,134.837387,217.929993,199.777283,202.56189,266.609985,48.331299,121.539253,144.946396,1520.719971,34.920326,328.570923,131.75,98.276253,184.0,271.695251,1515.76001,38.649158,43.853027,471.350006,25.111097,111.450974,372.720001,57.267113,298.243439,3116.219971
2020-09-14,135.315704,219.940002,204.057938,203.931946,266.149994,48.458797,128.610611,145.505478,1519.280029,34.693199,336.980499,131.25,99.637558,186.960007,275.94281,1508.829956,39.124031,44.442055,485.910004,25.357283,114.794502,419.619995,57.774746,305.257324,3102.969971
2020-09-15,135.315704,218.940002,204.46611,207.27771,272.420013,49.037437,129.797073,146.035126,1541.439941,34.324123,337.517914,131.240005,96.535728,186.020004,280.7901,1535.119995,39.346931,45.610291,497.670013,24.894453,114.973625,449.76001,58.042931,303.931732,3156.129883
2020-09-16,134.407913,219.589996,204.207291,203.574539,263.519989,49.400318,125.036209,145.554504,1520.900024,35.781502,340.214935,132.089996,96.944122,180.910004,276.906403,1512.089966,39.172493,45.953888,476.0,25.209572,111.58033,441.76001,57.822636,303.22934,3078.100098
2020-09-17,134.232224,218.050003,204.346664,201.449951,254.820007,49.351276,124.526657,144.348099,1495.530029,35.772038,337.806519,130.220001,95.835625,175.789993,275.264374,1487.040039,39.124031,44.746387,474.299988,24.963385,109.79911,423.429993,58.033352,301.705902,3008.72998
2020-09-18,134.0858,218.210007,201.698624,198.948074,252.529999,48.929554,121.786545,146.31955,1459.98999,35.194767,333.656464,128.630005,95.631439,176.070007,270.574371,1451.089966,38.581322,44.432236,467.549988,24.825518,106.316261,442.149994,57.803478,304.713226,2954.909912
2020-09-21,133.441589,213.020004,196.561829,201.082596,248.149994,48.762829,125.06369,142.317795,1431.160034,34.475536,326.281921,125.410004,92.675468,183.210007,267.782043,1430.140015,37.835087,43.862846,475.640015,24.096804,109.540382,449.390015,57.094707,295.978027,2960.469971
2020-09-22,134.661697,214.160004,199.657837,205.927475,254.75,48.988403,126.267647,141.444855,1465.459961,33.623825,333.706238,127.209999,91.664223,187.779999,268.725952,1459.819946,38.106445,45.345234,486.779999,23.57489,111.261894,424.230011,57.295841,291.100983,3128.98999
2020-09-23,133.051147,209.610001,194.49118,199.146637,249.020004,47.880154,121.132111,141.670441,1415.209961,32.544983,322.977783,123.279999,90.176514,181.610001,262.079285,1409.390015,37.098541,44.530411,470.390015,22.90526,106.594902,380.359985,56.42424,289.003723,2999.860107
2020-09-24,133.646576,208.720001,194.640518,201.727921,249.529999,48.213608,123.372665,141.896042,1428.290039,32.478741,326.640167,122.489998,90.098717,182.190002,261.243561,1422.859985,36.681812,44.864189,467.670013,22.984039,107.689507,387.790009,56.692425,289.518127,3019.790039
2020-09-25,134.329819,210.449997,196.362732,206.324615,254.820007,48.978596,128.62561,142.867065,1444.959961,32.781574,330.193115,124.0,90.88633,187.25,264.045746,1439.060059,37.263294,45.305962,479.779999,23.131752,111.729591,407.339996,56.883987,299.252502,3095.129883
2020-09-28,134.710495,213.539993,199.41893,207.932953,256.820007,50.439907,130.236679,144.289246,1464.52002,33.415627,336.771515,125.989998,93.501976,192.020004,267.76236,1458.660034,37.922306,45.904804,488.51001,23.722599,114.396454,421.200012,56.855259,299.97467,3174.050049
2020-09-29,133.978439,210.440002,198.542877,205.768631,261.790009,50.204529,132.142548,144.240204,1469.329956,32.440884,334.621857,125.400002,92.714363,194.5,267.546051,1466.02002,37.854465,45.355045,489.329987,23.407482,113.530724,419.070007,56.740322,300.884796,3144.879883
2020-09-30,135.667068,212.940002,199.07048,208.816544,261.899994,50.783169,135.187378,146.025314,1469.599976,32.488205,336.552551,124.080002,93.608932,197.029999,273.052124,1465.599976,38.174282,45.413948,490.429993,23.722599,115.242294,429.01001,56.979774,308.422974,3148.72998
2020-10-01,135.911102,212.020004,202.435303,210.931229,266.630005,51.234314,136.026642,144.495239,1490.089966,31.352583,341.727661,123.309998,94.289589,196.940002,272.963654,1487.900024,37.949322,45.590656,499.51001,23.732449,116.217491,448.160004,56.94146,309.709045,3221.26001
2020-10-02,134.817871,211.179993,200.553802,204.70636,259.940002,50.027992,130.508942,143.435944,1458.420044,31.21063,337.209381,122.550003,95.184151,191.910004,274.625305,1455.599976,37.430943,44.324253,478.98999,23.840771,112.465973,415.089996,56.740322,308.630737,3125.0
2020-10-05,136.05751,212.360001,202.62442,208.866211,264.649994,50.694904,136.306412,145.387772,1486.02002,31.929859,341.608246,123.370003,97.195984,196.850006,277.3685,1482.829956,37.724369,44.972179,486.470001,24.244518,115.928909,425.679993,57.142597,314.734467,3199.199951
2020-10-06,136.272263,210.259995,199.548325,204.42836,258.660004,50.381062,137.245605,143.455551,1453.439941,31.598633,335.816101,120.93,96.194977,191.660004,271.832947,1451.02002,37.724369,43.916447,478.980011,23.998331,112.605286,413.980011,56.951038,311.074219,3099.959961
2020-10-07,137.336197,213.289993,201.55925,208.320145,258.119995,51.656033,139.518616,145.044479,1460.290039,31.702732,342.255127,122.910004,97.873154,194.610001,278.046906,1459.140015,38.536171,44.360447,493.149994,24.500551,114.515877,425.299988,57.094707,319.700623,3195.689941
2020-10-08,138.263489,215.149994,202.066956,209.064774,263.76001,52.34256,138.267212,146.035126,1485.930054,33.368309,343.899139,123.089996,99.884964,193.059998,279.747894,1483.430054,38.917618,44.695911,490.839996,24.855061,114.40641,425.920013,57.296051,318.94873,3190.550049
2020-10-09,139.503128,215.679993,205.710495,214.257126,264.450012,51.803146,137.507874,148.075241,1515.219971,32.876209,351.112946,124.980003,99.315773,197.270004,281.12442,1510.449951,38.976303,44.251911,502.160004,24.97323,116.396606,434.0,57.431572,324.320465,3286.649902
2020-10-12,141.035583,216.410004,205.471558,219.806885,275.75,52.842747,142.136337,148.928543,1569.150024,32.77211,350.764191,124.970001,100.532684,201.509995,282.097839,1564.589966,39.475124,45.376713,510.890015,25.288351,123.790192,442.299988,57.644531,326.427582,3442.929932
2020-10-13,140.762283,212.309998,203.40094,221.256378,276.140015,52.793705,142.358643,145.515274,1571.680054,32.384106,344.58667,128.960007,98.903587,207.740005,285.489929,1567.069946,38.93718,45.278046,514.309998,24.569487,120.506355,446.649994,57.460609,327.86203,3443.629883
2020-10-14,140.596329,210.910004,201.290466,219.270782,271.820007,52.519093,140.829971,145.260269,1568.079956,32.31786,341.458038,126.589996,98.354012,203.600006,282.27478,1563.439941,39.015427,44.676178,506.309998,23.259769,120.595924,461.299988,56.560368,318.394745,3363.709961
2020-10-15,140.391373,211.649994,198.65239,218.079422,266.720001,52.81332,139.578568,144.367722,1559.130005,32.601768,337.343018,127.360001,99.826088,203.139999,282.717255,1555.469971,39.09367,44.508446,501.149994,23.781685,120.118271,448.880005,56.299004,321.085571,3338.649902
2020-10-16,140.937973,211.910004,199.359177,218.079422,265.929993,53.117355,137.994949,145.260269,1573.01001,32.270542,338.169983,126.809998,99.620003,204.449997,282.835266,1567.699951,39.279507,44.95245,502.820007,23.870314,118.436554,439.670013,56.192528,326.358337,3272.709961
2020-10-19,138.517273,208.990005,196.083984,212.678558,261.399994,53.52927,134.860168,141.55275,1534.609985,31.627024,330.468018,124.230003,97.941849,200.059998,278.971161,1529.949951,38.438358,43.73885,495.200012,23.358242,115.411461,430.829987,55.466522,320.739319,3207.209961
2020-10-20,139.073639,210.059998,196.810699,213.105469,267.559998,52.401405,136.33638,141.778351,1555.930054,31.892004,330.517853,124.949997,98.501236,201.960007,281.242432,1551.079956,38.340557,43.679646,494.579987,23.771837,116.933968,421.940002,55.418121,319.938019,3217.01001
2020-10-21,139.825241,210.179993,197.537415,213.254395,278.730011,52.470058,135.129944,141.170227,1593.310059,31.380972,332.21167,126.629997,97.519844,213.070007,279.738068,1585.98999,38.203625,43.926315,495.959991,23.68321,116.297104,422.640015,54.934124,319.324677,3184.939941
2020-10-22,138.834885,211.610001,197.099411,213.34375,278.119995,52.862362,133.493851,142.298172,1615.329956,32.989769,332.391022,127.559998,100.964485,203.929993,276.444275,1606.660034,37.968884,44.508446,483.600006,24.490705,115.182587,425.790009,55.495567,322.233124,3176.399902
2020-10-23,139.747696,212.710007,197.119308,214.674103,284.790009,47.272091,135.784363,142.455109,1641.0,32.32732,328.415466,128.350006,101.877182,203.039993,278.253387,1632.97998,37.968884,44.459114,488.5,24.520247,114.476074,420.630005,56.105404,327.050842,3204.399902
2020-10-26,138.687668,208.490005,192.201538,208.568359,277.109985,45.820583,131.298264,141.209457,1590.449951,31.560778,316.907318,124.059998,99.355026,197.220001,271.410126,1584.290039,36.844097,43.186317,475.200012,24.165737,114.486023,420.279999,55.960205,319.591766,3207.040039
2020-10-27,139.728073,206.880005,189.205078,211.715546,283.290009,44.761372,133.851044,140.405167,1604.26001,31.059214,315.960754,123.309998,97.480591,200.429993,272.196716,1598.880005,36.061638,42.860714,478.559998,23.486261,116.028427,424.679993,55.543968,317.069183,3286.330078
2020-10-28,135.11496,200.699997,180.056412,201.221588,267.670013,43.398132,126.160233,135.707031,1516.619995,29.876278,290.324036,118.470001,94.742531,192.309998,265.196106,1510.800049,34.927067,41.420185,456.970001,23.112055,110.654892,406.019989,54.508202,304.693451,3162.780029
2020-10-29,135.026627,201.509995,184.038406,203.246918,280.829987,43.26083,130.126801,134.559464,1567.23999,31.201166,292.117523,121.540001,95.360809,195.039993,265.107666,1556.880005,34.907509,42.485786,461.109985,23.18099,114.7547,410.829987,54.943802,300.41983,3211.01001
2020-10-30,134.565308,201.899994,180.892639,201.013123,263.109985,43.427555,125.231041,134.480988,1621.01001,30.869942,287.593994,121.25,96.214607,186.130005,262.236603,1616.109985,35.112907,41.676723,447.100006,23.338549,108.326363,388.040009,55.166443,301.864197,3036.149902
2020-11-02,135.939423,204.309998,183.908997,200.874115,261.359985,43.604088,125.698143,136.030701,1626.030029,32.166443,288.919128,120.129997,98.383461,187.759995,266.199005,1624.319946,35.112907,40.847919,444.940002,23.712753,108.236809,400.51001,55.853725,308.74942,3004.47998
2020-11-03,138.609131,206.630005,187.492798,204.944611,265.299988,43.98658,130.081833,135.844345,1650.209961,31.617559,294.319519,124.019997,101.484634,179.809998,272.717834,1645.660034,35.875801,42.051651,454.019989,24.313452,109.898621,423.899994,55.902126,317.900146,3048.409912
2020-11-04,138.039856,206.169998,193.097488,214.832947,287.380005,44.820217,137.822601,136.727066,1749.130005,31.447216,306.0867,125.07,98.383461,194.289993,277.978088,1745.849976,35.768215,43.117252,487.230011,23.318855,114.386513,420.980011,55.389088,350.753601,3241.159912
2020-11-05,139.747696,207.449997,196.750977,221.683304,294.679993,45.126461,141.476929,137.08017,1763.369995,31.390434,315.382874,126.959999,102.40712,204.559998,281.055603,1762.5,36.413742,43.758579,496.470001,24.234671,118.44651,438.089996,56.28933,350.595306,3322.0
2020-11-06,140.58197,208.850006,197.57724,222.110214,293.410004,44.839973,145.493408,139.52243,1761.75,31.021358,312.503387,127.459999,101.043007,202.729996,279.472595,1759.72998,36.707165,43.93618,494.630005,23.939245,118.311951,429.950012,56.657166,343.729828,3311.370117
2020-11-09,135.438873,221.5,211.723297,216.818542,278.769989,45.047428,136.189011,143.279007,1763.0,34.948715,343.311279,142.589996,114.723465,184.720001,265.441956,1761.420044,37.362476,46.550842,471.140015,27.336628,115.949493,421.26001,57.925251,346.242523,3143.73999
2020-11-10,137.666885,228.479996,212.350479,209.491653,272.429993,44.889366,127.588989,145.436813,1740.390015,35.72406,333.566742,142.110001,114.350525,183.360001,270.948029,1737.719971,37.871082,47.132977,452.0,27.238153,115.600609,410.359985,59.144932,349.892944,3035.02002
2020-11-11,139.443436,227.369995,211.743225,214.991806,276.480011,45.788342,134.063354,144.966019,1752.709961,35.35577,331.185425,137.820007,112.642929,192.339996,273.091461,1747.22998,38.467701,47.034309,467.75,26.923035,119.10939,417.130005,59.048134,347.924316,3137.389893
2020-11-12,139.521942,224.720001,207.63559,213.889786,275.079987,44.405308,134.450531,145.456436,1749.839966,34.144291,327.100281,135.520004,111.259186,189.100006,271.606781,1742.819946,37.82217,47.340176,462.579987,26.282948,118.830284,411.76001,58.844852,350.605225,3110.280029
2020-11-13,141.612564,227.419998,209.848923,214.952087,276.950012,44.909126,132.854416,147.025757,1777.02002,34.968098,333.815826,138.360001,111.955963,188.619995,272.52121,1772.26001,40.492321,48.346569,469.339996,26.588219,118.880127,408.5,59.106213,351.851715,3128.810059
2020-11-16,139.796768,233.100006,212.062271,215.666901,278.959991,45.630276,135.035019,147.95755,1781.380005,36.983994,334.234314,144.669998,115.116013,191.940002,274.880951,1774.030029,41.607327,48.879375,460.950012,27.159376,119.916817,408.089996,58.94165,352.989349,3131.060059
2020-11-17,139.256943,233.160004,210.078247,212.91684,275.0,44.978279,134.105835,146.486298,1770.150024,37.478279,335.280518,144.5,113.948166,192.300003,267.899994,1761.660034,40.961796,49.116169,467.950012,27.129831,119.009712,441.609985,58.806133,348.320038,3135.659912
2020-11-18,137.117233,230.070007,207.206863,210.109802,271.970001,44.513977,134.170761,144.544266,1746.780029,36.063271,334.722534,143.899994,113.104179,190.119995,265.304291,1740.640015,40.414074,48.484703,459.470001,26.568523,117.654045,486.640015,58.389893,340.811523,3105.459961
2020-11-19,136.950394,229.529999,206.947662,211.443649,272.940002,45.067184,134.285675,144.31868,1763.920044,36.247417,332.669983,141.720001,113.408409,190.899994,266.385834,1758.569946,40.267361,48.820171,466.410004,26.568523,118.262108,499.269989,58.283409,333.382141,3117.02002
2020-11-20,136.72464,227.009995,203.268723,209.422974,269.700012,44.839973,130.763718,143.553635,1742.189941,35.801594,321.829437,141.070007,112.436844,192.669998,265.284637,1736.380005,40.071747,48.514301,462.920013,26.401115,116.96624,489.609985,58.118851,331.106842,3099.399902
2020-11-23,136.194626,229.539993,207.535889,209.144257,268.429993,45.501858,131.285782,142.091919,1734.859985,38.147015,330.8367,145.979996,115.6754,200.820007,266.847931,1727.560059,40.727058,49.145771,460.609985,26.972271,113.487358,521.849976,58.302769,331.462952,3098.389893
2020-11-24,135.752945,233.919998,209.051315,212.877014,276.920013,46.440342,129.464859,142.091919,1768.880005,40.686275,341.14917,151.490005,121.023926,206.0,268.725952,1763.900024,41.675789,51.642029,462.700012,28.538021,114.803154,555.380005,58.69965,332.402771,3118.060059
2020-11-25,136.116104,233.130005,210.257706,212.886978,275.589996,46.479858,132.232452,141.904266,1771.430054,39.55233,340.083069,149.089996,119.757942,214.460007,269.365051,1764.130005,41.568203,51.109234,470.079987,28.587261,115.660416,574.0,58.477013,329.613007,3185.070068
2020-11-27,136.047394,231.550003,210.367371,214.240707,277.809998,46.875015,132.497223,142.220306,1793.189941,38.951435,337.841187,147.130005,118.963028,211.389999,271.360992,1787.02002,41.763817,51.059902,477.029999,28.547871,116.218628,585.76001,58.641571,334.312012,3195.340088
2020-11-30,136.302582,228.910004,209.719315,213.086075,276.970001,47.764103,133.898499,142.891907,1760.73999,36.954922,335.290466,148.009995,115.685204,214.119995,272.757141,1754.400024,42.076801,49.570038,478.470001,27.730528,118.670799,567.599976,58.477013,332.729218,3168.040039
2020-12-01,136.793335,229.679993,210.566772,215.216232,286.549988,48.959446,133.7836,145.62767,1798.099976,37.313519,337.651886,149.440002,117.510574,216.539993,271.960754,1795.359985,42.585403,50.339638,479.149994,28.252445,122.329109,584.76001,58.641571,337.52713,3220.080078
2020-12-02,135.802002,230.419998,209.54982,214.380066,287.519989,49.295326,135.327271,146.309158,1827.949951,38.709141,338.98703,153.610001,119.767761,212.559998,268.006378,1824.969971,42.927727,50.369232,481.26001,28.616802,122.687958,568.820007,59.396614,343.828735,3203.530029
2020-12-03,134.800873,231.020004,207.426224,213.25528,281.850006,50.372116,133.883102,147.158508,1826.77002,38.970821,333.925446,153.240005,118.982651,214.539993,265.08017,1821.839966,43.142906,50.902035,484.279999,28.646528,122.548409,593.380005,59.764458,344.936737,3186.72998
2020-12-04,134.928467,231.350006,212.042328,213.374725,279.700012,51.359997,135.504669,148.412827,1827.98999,40.395519,343.102051,154.139999,120.062172,217.770004,260.977539,1823.76001,43.406982,51.000698,486.0,29.023066,121.860611,599.039978,59.580532,347.379059,3162.580078
2020-12-07,135.134583,229.240005,212.012421,213.305038,285.579987,49.59169,135.989395,147.128906,1819.47998,39.639557,339.724335,153.679993,119.610733,217.929993,259.642975,1817.030029,43.37764,51.237499,492.25,28.824886,123.355827,641.76001,59.386929,345.363617,3158.0
2020-12-08,135.497757,228.190002,212.13208,215.017136,283.399994,50.075748,133.423355,149.677002,1818.550049,40.938259,339.554962,153.720001,119.7285,216.940002,258.733429,1811.329956,43.397202,50.724434,495.279999,28.666346,123.983818,649.880005,59.48373,345.363617,3177.290039
2020-12-09,133.888062,227.509995,208.95163,210.826492,277.920013,49.463261,129.233261,151.207855,1784.130005,41.481003,335.629242,154.429993,118.796196,210.800003,262.549377,1777.859985,43.710186,50.576435,483.73999,28.537531,121.392097,604.47998,59.493416,341.938416,3104.199951
2020-12-10,133.0047,227.350006,206.987534,209.552383,277.119995,49.650959,129.648041,150.368362,1775.329956,42.653709,330.318542,154.690002,118.030708,215.339996,261.788177,1767.650024,43.348297,49.806839,476.869995,28.844706,122.84745,627.070007,58.573807,337.212555,3101.48999
2020-12-11,133.986206,226.389999,205.621643,212.27977,273.549988,49.127384,130.0578,151.059692,1781.77002,42.450184,326.233429,175.720001,117.333923,214.059998,261.531128,1774.800049,43.348297,50.250835,475.910004,28.309626,122.020096,609.98999,58.41893,334.651062,3116.419922
2020-12-14,133.338425,222.850006,206.628601,213.215454,274.190002,49.858418,133.011078,147.227661,1760.060059,40.918877,329.94986,169.300003,116.097397,220.789993,262.549377,1752.26001,43.270054,50.310036,486.420013,27.962814,121.392097,639.830017,58.060772,333.717834,3156.969971
2020-12-15,134.123611,224.380005,207.735291,213.145798,275.549988,50.055988,133.528305,148.709122,1767.77002,41.713604,332.440826,173.940002,118.079788,221.600006,264.922028,1761.079956,43.739529,50.823097,482.640015,28.378988,127.472664,633.25,58.61253,337.232422,3165.120117
2020-12-16,134.732178,221.910004,207.645569,218.27211,275.670013,50.500538,132.348969,147.820236,1763.0,42.353268,330.896454,173.119995,118.423264,230.199997,266.513641,1757.189941,43.739529,50.744171,489.899994,28.45826,127.402893,622.77002,57.993008,336.904785,3240.959961
2020-12-17,135.694046,224.679993,210.546814,218.411469,274.480011,50.03624,133.335907,151.72142,1747.900024,42.140045,335.679047,173.550003,117.441879,235.509995,270.843658,1740.51001,43.837337,50.675102,495.359985,28.567257,128.290054,655.900024,58.089809,339.218048,3236.080078
2020-12-18,136.469437,223.429993,210.676437,217.585281,276.399994,46.884892,132.643814,152.600403,1731.01001,41.413158,339.096619,172.889999,116.862869,236.449997,267.363831,1726.219971,44.443741,50.221237,502.950012,28.408716,126.256561,695.0,58.525406,335.95166,3201.649902
2020-12-21,134.977539,223.490005,208.383331,221.566895,272.790009,45.798222,133.245956,151.128845,1739.369995,40.6572,333.158203,170.690002,121.249649,237.720001,267.897644,1734.560059,43.896019,49.698299,498.390015,29.468964,127.821548,649.859985,57.586452,333.668152,3206.179932
2020-12-22,134.025482,221.880005,205.222839,222.91069,267.089996,45.610523,132.706268,150.83255,1723.5,39.969082,331.03595,170.449997,119.40464,243.490005,266.958496,1720.219971,43.710186,49.35297,504.170013,28.943794,131.45993,640.340027,57.102451,332.605865,3206.52002
2020-12-23,133.819366,224.240005,204.684464,220.004105,268.109985,46.005676,130.017807,150.062195,1732.380005,40.482746,328.036835,173.550003,122.741341,239.440002,266.73111,1728.22998,43.406982,49.372704,496.910004,29.776138,130.542862,645.97998,57.073406,335.167328,3185.27002
2020-12-24,135.173843,226.529999,208.074265,221.726166,267.399994,46.499615,129.862915,150.585632,1738.849976,40.317982,334.782318,173.729996,122.201576,238.639999,267.828461,1734.160034,43.563477,49.708172,499.859985,29.686958,131.549637,661.77002,56.957249,338.344391,3172.689941
2020-12-28,136.116104,228.410004,211.992493,223.925995,277.0,46.499615,128.925949,151.296738,1776.089966,40.453671,343.221649,178.860001,123.00631,235.729996,266.177521,1773.959961,43.935146,50.42844,498.950012,29.85541,136.254608,663.690002,57.092766,343.467377,3283.959961
2020-12-29,135.860901,229.570007,213.727264,223.11972,276.779999,48.7915,129.358185,152.235001,1758.719971,39.998158,345.403687,177.300003,122.682457,231.029999,263.152435,1757.76001,43.661282,50.862568,502.109985,29.736504,134.440399,665.98999,56.928211,344.8573,3322.0
2020-12-30,135.222931,229.649994,217.705307,220.661072,271.869995,48.159256,131.382034,154.121399,1739.52002,40.317982,354.261444,181.169998,123.02594,231.509995,262.233063,1736.25,43.504791,50.5271,497.450012,29.706776,133.294067,694.780029,56.279644,342.514221,3285.850098
2020-12-31,136.567596,231.869995,218.074188,221.397675,273.160004,49.21629,130.475052,155.434952,1751.880005,39.949696,355.646423,181.179993,124.704109,234.199997,262.588928,1752.640015,43.768875,51.701237,500.119995,30.033768,132.267349,705.669983,56.870125,348.163391,3256.929932
2021-01-04,135.272003,228.449997,217.107101,216.689423,268.940002,49.068108,131.059723,154.565826,1728.23999,40.221066,350.216187,177.679993,123.526443,231.919998,260.908356,1726.130005,43.344891,49.836437,485.339996,29.756323,128.997803,729.77002,56.966927,346.991852,3186.629883
2021-01-05,136.135727,227.470001,213.866837,216.898438,270.970001,49.996723,133.970551,156.383087,1740.920044,42.159431,346.160919,178.440002,124.198593,234.910004,263.014008,1740.050049,43.364609,49.539085,485.690002,29.984224,130.592697,735.109985,56.70557,342.325562,3218.51001
2021-01-06,137.568741,230.270004,211.982513,211.274414,263.309998,50.480778,126.072578,157.854675,1735.290039,43.235222,346.290436,179.119995,130.030441,226.830002,264.516693,1722.880005,43.778736,50.113968,466.309998,31.857002,126.196747,755.97998,57.392853,356.691742,3138.379883
2021-01-07,136.282959,232.880005,213.168945,217.286652,268.73999,51.557571,133.363388,158.387985,1787.25,43.574436,349.033966,178.580002,134.300537,235.039993,263.221649,1774.339966,44.330894,50.213081,477.73999,32.560532,130.502991,816.039978,57.263702,362.4104,3162.159912
2021-01-08,136.224045,234.029999,214.804016,218.61055,267.570007,51.02412,132.691284,158.062073,1807.209961,44.059025,353.014557,178.690002,134.448822,242.460007,266.019318,1797.829956,44.429497,51.085323,485.100006,32.233536,131.629379,880.02002,56.549496,360.782196,3182.699951
2021-01-11,135.301468,233.429993,212.251694,216.490341,256.839996,50.915451,136.136795,157.40036,1766.719971,45.3965,347.377899,179.089996,136.455353,237.5,268.134918,1756.290039,44.725304,51.065498,474.23999,32.768616,128.569168,811.190002,56.21685,358.161133,3114.209961
2021-01-12,134.516235,233.029999,208.233795,213.942093,251.089996,52.594849,134.770096,156.175674,1746.550049,46.404449,342.110352,175.990005,138.600281,237.639999,273.176697,1737.430054,45.149284,49.568817,471.649994,33.353241,128.38974,849.440002,56.021179,354.805389,3120.830078
2021-01-13,134.722336,234.509995,208.722321,215.345627,251.639999,56.259895,135.239822,155.938644,1754.400024,46.927807,345.512299,176.119995,138.728806,244.899994,270.922699,1747.25,44.725304,49.717495,472.049988,33.155064,130.473083,854.409973,55.825508,352.492126,3165.889893
2021-01-14,133.289337,235.020004,201.254776,212.040878,245.639999,58.532021,131.926727,158.664536,1740.180054,48.75956,326.158112,173.429993,139.539322,242.059998,265.277893,1730.920044,44.518242,49.142612,463.269989,33.680233,128.499405,845.0,55.805939,348.014465,3127.469971
2021-01-15,132.288208,233.490005,200.98558,211.672577,251.360001,56.882259,128.521179,158.318878,1736.189941,46.414139,322.496796,171.440002,137.038544,239.789993,272.44516,1727.619995,44.794319,48.26046,458.079987,32.70916,126.735023,826.159973,56.138584,348.778931,3104.25
2021-01-19,131.130035,234.550003,201.055374,215.445175,261.100006,57.287292,130.177734,160.768219,1790.859985,47.334862,325.170441,172.259995,136.445465,247.25,270.07254,1784.469971,44.557678,48.419048,456.5,32.471352,127.422829,844.549988,55.81572,349.662537,3120.76001
2021-01-20,129.490891,234.759995,205.392319,223.308853,267.480011,57.959049,133.58078,160.373169,1886.900024,48.003597,334.119263,173.639999,134.399384,244.259995,271.169861,1880.069946,44.705582,48.448788,469.730011,32.045269,131.609451,850.450012,56.021179,348.322235,3263.379883
2021-01-21,129.36351,234.160004,204.524948,223.935959,272.869995,61.703121,138.595383,159.731186,1891.25,46.627361,333.65036,171.279999,133.272552,248.639999,275.865662,1884.150024,44.478798,48.696583,472.019989,31.480463,136.434021,844.98999,56.030964,352.452393,3306.98999
2021-01-22,128.366211,232.919998,201.414307,224.911453,274.5,55.973404,137.04628,161.528702,1901.050049,45.968315,328.213257,172.779999,132.244553,252.0,280.759186,1892.560059,44.143559,48.250549,472.440002,31.262468,138.627029,846.640015,56.226639,345.055847,3292.22998
2021-01-25,130.578064,233.009995,200.377411,228.474991,278.01001,54.768188,136.454132,163.928665,1899.400024,45.454651,328.412781,171.889999,130.593857,247.75,281.826843,1894.280029,44.399914,48.537991,473.440002,30.876022,142.464767,880.799988,57.156082,345.313995,3294.0
2021-01-26,131.417374,231.570007,201.404327,231.262131,282.049988,54.540977,134.27536,168.373047,1917.23999,44.45639,326.9263,169.559998,130.060104,241.0,279.375183,1907.949951,44.626698,49.648113,476.279999,30.65803,142.70401,883.090027,55.346107,340.647705,3326.129883
2021-01-27,126.766571,227.360001,194.385437,231.829514,272.140015,52.940609,129.103348,165.805191,1830.790039,43.952419,314.745117,163.029999,126.383064,229.940002,270.922699,1818.939941,45.060543,47.992844,460.0,29.558144,141.607513,864.159973,53.937263,330.600311,3232.580078
2021-01-28,128.721695,230.949997,197.625687,237.831787,265.0,55.390556,130.435074,167.069382,1863.109985,44.640541,323.514343,171.880005,128.607071,237.789993,274.877045,1853.199951,44.705582,51.144791,465.670013,30.043678,136.653336,835.429993,54.17207,335.723297,3237.620117
2021-01-29,126.598717,227.869995,192.670593,230.893845,258.329987,54.837341,129.822937,161.113892,1835.73999,43.458134,315.543213,168.169998,127.183708,234.309998,267.729584,1827.359985,43.956215,49.132698,458.769989,29.379784,131.539673,793.530029,53.565483,331.186096,3206.199951
2021-02-01,127.349159,229.320007,197.765259,238.548477,262.01001,56.00304,132.294006,160.699081,1901.349976,43.535667,320.800781,170.970001,128.122726,241.850006,266.988129,1893.069946,44.764744,49.707584,470.0,29.686958,133.712723,839.809998,53.105652,331.603119,3342.879883
2021-02-02,127.171417,232.240005,202.002533,238.409119,267.079987,57.297169,135.48967,159.257126,1927.51001,44.223789,333.580536,176.960007,132.066635,249.100006,269.054291,1919.119995,45.188728,50.7285,484.929993,30.74721,134.560028,872.789978,53.320892,336.289215,3380.0
2021-02-03,127.329399,232.679993,200.756271,241.883087,266.649994,56.981049,135.22731,158.516388,2070.070068,45.958622,332.03421,176.429993,133.578964,251.899994,271.041382,2058.879883,45.129566,50.024761,481.920013,31.292194,133.513382,854.690002,53.604618,335.465179,3312.530029
2021-02-04,127.408401,235.770004,208.62262,240.897629,266.48999,58.430122,136.564056,159.987976,2062.370117,46.840584,340.025269,180.229996,136.653046,270.429993,275.638306,2053.629883,46.588856,50.996117,489.380005,32.203812,136.952377,849.98999,53.947044,326.956696,3331.0
2021-02-05,127.941628,235.160004,208.144058,241.086761,268.100006,57.823856,135.831985,162.417572,2098.0,48.410656,337.950195,181.160004,136.386169,269.440002,275.677826,2088.830078,47.407242,50.659115,492.119995,32.074993,136.528091,852.22998,54.123154,322.181213,3352.149902
2021-02-08,127.546646,237.419998,206.269699,241.35553,266.579987,58.797859,144.304611,162.88176,2092.909912,50.494396,336.234283,190.0,138.521225,282.170013,276.834503,2084.52002,48.255203,51.392582,493.76001,32.788433,136.677841,863.419983,53.858994,322.012421,3322.939941
2021-02-09,127.052925,239.910004,205.900803,242.649536,269.450012,58.420181,142.550629,164.215088,2083.51001,49.903015,332.65274,188.210007,137.967682,284.200012,273.611664,2075.389893,47.821365,52.254913,496.049988,32.649712,135.779358,849.460022,53.810078,327.264465,3305.0
2021-02-10,126.608589,239.919998,205.821045,241.703918,271.869995,58.499695,147.557739,164.748398,2095.379883,50.385975,333.420898,189.630005,138.046768,283.179993,275.509796,2086.47998,46.578999,52.284645,492.670013,32.679436,135.160416,804.820007,53.770939,331.007385,3286.580078
2021-02-11,126.717201,239.759995,210.354462,243.366241,270.390015,60.288677,152.419952,164.007675,2095.889893,49.124355,342.060455,190.910004,137.66127,285.029999,273.898376,2088.75,46.914238,52.76041,496.619995,32.580349,134.900864,811.659973,53.418728,330.679779,3262.129883
2021-02-12,126.016129,242.460007,209.655472,243.863937,270.5,61.431637,149.526611,164.521255,2104.110107,49.794594,340.194916,187.669998,139.618393,298.369995,274.343262,2095.030029,46.628296,52.76041,498.839996,33.065884,135.140442,816.119995,53.027386,325.884399,3277.709961
2021-02-16,126.312355,245.279999,207.59845,242.579865,273.970001,62.087597,153.214493,163.029907,2121.899902,51.292767,340.404358,186.350006,142.979111,304.790009,272.247437,2110.699951,45.859207,52.373852,501.640015,33.957684,132.964157,796.219971,52.978466,322.290405,3268.949951
2021-02-17,126.845573,245.25,207.209015,243.637421,273.570007,61.47139,148.974426,163.612625,2128.310059,52.091133,336.533539,186.440002,143.42392,297.200012,277.714355,2118.620117,45.602848,52.52253,491.230011,34.096405,130.618134,798.150024,55.757023,324.514313,3308.639893
2021-02-18,127.902122,243.5,209.046356,243.228348,269.390015,61.232861,148.204865,163.691635,2117.199951,51.273056,337.660858,183.0,143.908249,290.809998,279.820038,2105.810059,45.691589,52.096325,488.369995,33.878407,129.490051,787.380005,55.747238,326.053223,3328.22998
2021-02-19,125.522408,241.850006,204.433044,240.414856,261.559998,62.62429,149.179306,160.965744,2101.139893,51.618027,332.383362,183.649994,146.310196,286.920013,276.448975,2088.810059,45.040825,51.640377,479.119995,34.22522,129.64978,781.299988,55.228706,322.250671,3249.899902
2021-02-22,124.989189,244.970001,208.017853,233.969742,260.329987,60.338367,143.475082,160.866364,2064.879883,53.520317,339.855713,191.759995,147.684143,273.850006,272.702209,2054.26001,44.794319,52.036854,467.329987,34.829662,125.786346,714.5,55.228706,325.288757,3180.73999
2021-02-23,125.917374,245.529999,211.802353,232.732605,265.859985,60.745861,141.338806,159.445236,2070.860107,54.259548,349.592651,197.089996,148.87027,265.0,264.19043,2060.120117,44.873199,52.869442,467.799988,35.196289,125.646584,698.840027,55.796154,327.145325,3194.5
2021-02-24,126.055618,248.449997,219.111725,234.009659,264.309998,62.803188,144.906769,161.581894,2095.169922,55.885857,366.452759,197.509995,151.489655,266.070007,257.003418,2083.810059,45.099987,52.928913,476.619995,36.04845,125.137444,742.02002,55.884209,329.825958,3159.530029
2021-02-25,124.989189,243.690002,213.439972,228.462463,254.690002,60.03027,132.998596,161.750839,2031.359985,54.959351,353.732849,190.979996,149.433685,253.940002,252.33725,2015.949951,44.88306,51.779148,459.160004,35.602551,120.784836,682.219971,55.277622,326.509918,3057.159912
2021-02-26,121.977524,240.509995,212.08194,231.84465,257.619995,60.40794,137.066269,157.477509,2036.859985,53.58931,353.014557,189.039993,145.470016,259.850006,255.392014,2021.910034,44.242157,52.254913,459.670013,34.393669,121.054382,675.5,54.10358,329.835846,3092.929932
2021-03-01,122.727974,249.210007,216.315796,236.39415,264.910004,62.495087,138.338028,158.332184,2081.51001,55.590164,362.043182,194.979996,148.761536,273.630005,258.634583,2069.659912,45.277462,53.96965,469.570007,35.463829,127.573311,718.429993,54.162285,332.248444,3146.139893
2021-03-02,122.342873,249.220001,215.457047,233.331207,259.0,60.865128,133.985535,158.034042,2075.840088,55.2649,361.963379,193.940002,148.277191,269.190002,257.319763,2064.47998,44.88306,53.771412,466.589996,35.206196,124.907837,686.440002,53.790504,332.238525,3094.530029
2021-03-03,121.612175,251.550003,214.538376,227.035751,255.410004,59.533329,127.973984,155.251404,2026.709961,55.708439,359.399414,192.259995,151.143707,255.059998,254.423172,2011.410034,44.49852,53.256001,448.450012,36.088085,121.85302,653.200012,54.181854,330.481201,3005.0
2021-03-04,120.614868,245.479996,211.193237,226.207657,257.640015,57.972942,123.631477,152.120941,2049.090088,57.866993,348.674835,188.029999,148.820847,239.070007,248.066544,2033.930054,43.936493,53.454239,439.059998,36.346996,119.926292,621.440002,53.614403,331.414459,2977.570068
2021-03-05,124.396736,253.149994,215.097565,231.066452,264.279999,60.368187,124.543457,155.132141,2108.540039,60.055119,360.027954,189.990005,149.166809,239.050003,250.627014,2097.070068,45.602848,54.604004,440.829987,36.775196,121.214104,597.950012,54.788437,344.6091,3000.459961
2021-03-08,125.710014,257.609985,219.950516,226.86615,255.309998,59.483631,115.865952,156.424072,2024.170044,59.995979,370.453278,201.910004,151.143707,226.089996,256.074127,2007.5,46.845215,54.990562,421.200012,36.974358,116.162689,563.0,55.561348,347.657074,2951.949951
2021-03-09,124.594223,259.019989,220.04039,233.241425,265.73999,62.286369,125.173813,156.722214,2052.699951,59.069477,375.631012,194.509995,150.076187,241.759995,261.936462,2040.359985,47.219898,55.079765,439.179993,36.167751,120.884666,673.580017,54.984112,349.454102,3062.850098
2021-03-10,125.739639,263.98999,222.846313,231.884552,264.899994,61.868942,124.653938,158.163223,2055.030029,60.883057,380.798798,195.059998,153.338074,242.070007,264.851166,2036.189941,47.614304,56.705299,437.01001,37.213348,119.776558,668.059998,55.845078,347.091156,3057.639893
2021-03-11,125.315048,260.910004,225.821976,236.58371,273.880005,62.922455,129.905228,158.15329,2114.77002,60.429661,383.472473,196.75,152.53743,253.830002,267.447571,2100.540039,48.117165,56.388123,451.059998,37.083897,121.753189,699.599976,54.309036,350.56604,3113.590088
2021-03-12,126.529587,260.019989,224.034592,235.206879,268.399994,62.514965,128.530548,158.610443,2061.919922,61.080185,381.806396,197.160004,154.346268,250.350006,271.675415,2050.0,48.136883,56.586361,444.299988,37.78096,120.824768,693.72998,54.426449,354.720795,3089.48999
2021-03-15,126.944305,254.610001,222.946167,234.269043,273.75,63.399517,131.882278,159.425354,2066.48999,59.522869,380.858673,196.759995,153.575287,249.979996,277.087036,2054.439941,48.718628,57.02248,447.589996,37.591755,123.779747,707.940002,54.43623,352.588623,3081.679932
2021-03-16,127.319527,251.5,224.374084,237.162369,279.279999,64.383453,132.88205,160.369461,2092.52002,58.26125,381.477203,194.240005,151.736771,249.309998,280.608551,2083.889893,48.974991,57.527981,450.540009,37.482216,125.357071,676.880005,54.43623,353.306,3091.860107
2021-03-17,126.806068,252.0,222.696533,236.493912,284.01001,65.377335,133.381943,159.773193,2091.080078,58.517517,377.785919,195.240005,153.298523,251.470001,278.569244,2082.219971,48.728489,56.992741,451.01001,37.79092,124.548447,701.809998,54.54385,350.894836,3135.72998
2021-03-18,127.08255,252.460007,220.339951,230.188477,278.619995,63.339882,127.195847,159.475052,2036.219971,55.994278,366.133514,192.279999,155.828949,238.410004,281.682922,2021.339966,48.117165,55.377121,439.179993,38.776768,120.325615,653.159973,55.091732,360.72879,3027.98999
2021-03-19,126.401215,250.990005,206.599899,229.819336,290.109985,63.369698,128.42807,159.047699,2043.199951,55.678871,355.668274,191.139999,153.347946,241.279999,287.591949,2026.959961,48.294647,54.970737,441.5,38.368484,119.78653,654.869995,55.023251,364.245911,3074.959961
2021-03-22,128.543945,250.360001,207.698318,235.446335,293.540009,65.228249,131.832291,159.504852,2038.589966,55.107197,357.553802,192.860001,149.22612,244.384995,287.43277,2030.689941,49.596176,55.872711,452.410004,37.502132,123.180771,670.0,55.365677,365.52124,3110.870117
2021-03-23,130.933533,248.309998,207.848083,237.032669,290.630005,63.091412,130.677551,159.355789,2052.959961,54.427109,354.431183,188.729996,147.733566,243.770004,288.467346,2041.329956,49.310234,55.644741,460.200012,36.745323,122.332214,662.159973,55.678753,367.155273,3137.5
2021-03-24,130.894028,249.630005,207.768219,234.917557,282.140015,61.660229,126.401031,160.906128,2045.060059,55.531025,358.800842,184.720001,148.880142,234.270004,291.2229,2032.530029,48.955276,55.426678,451.51001,36.745323,119.88636,630.27002,55.776585,369.24762,3087.070068
2021-03-25,131.802475,250.75,207.66835,231.804733,278.73999,61.64035,125.323784,160.965744,2044.359985,55.373322,357.513885,186.910004,150.787872,234.240005,295.629791,2032.459961,49.803238,55.803326,450.98999,37.502132,120.385513,640.390015,56.138584,369.735809,3046.26001
2021-03-26,133.747711,256.769989,213.220291,235.935196,283.019989,64.472908,128.363083,163.907379,2035.550049,56.881351,365.275543,185.919998,153.298523,241.029999,302.225189,2024.72998,51.834415,54.693211,469.089996,38.51786,121.004463,618.710022,56.921272,375.106171,3052.030029
2021-03-29,135.84108,258.820007,214.198868,234.698059,290.820007,64.105171,129.452835,165.010498,2055.949951,56.575806,362.053162,184.850006,150.916351,235.669998,300.623596,2045.790039,51.785114,54.703121,469.320007,38.14941,121.184158,611.289978,57.557217,377.676727,3075.72998
2021-03-30,133.747711,258.190002,211.592651,231.315872,288.0,63.379639,128.688004,163.986893,2055.540039,55.875996,357.354279,185.529999,152.695572,236.539993,303.22995,2046.469971,51.045609,54.494972,465.459991,38.826561,119.696686,635.619995,57.322403,372.196808,3055.290039
2021-03-31,133.727951,255.470001,211.422897,235.226837,294.529999,63.608231,133.45192,163.330994,2068.629883,55.028351,355.20932,184.520004,150.471558,242.839996,303.657684,2062.52002,50.986446,53.632652,475.369995,38.527817,121.942871,667.929993,56.891926,370.71225,3094.080078
2021-04-01,132.592422,258.200012,216.545456,241.791687,298.660004,64.154869,138.085846,161.820419,2137.75,56.565948,362.44223,188.970001,151.934464,247.539993,306.144653,2129.780029,51.25267,54.267002,483.339996,39.324463,122.791428,661.75,57.038681,365.730499,3161.0
2021-04-05,134.735138,262.660004,218.72229,248.496201,308.910004,66.132683,139.842957,162.416687,2225.550049,55.688728,367.450378,188.5,152.739822,251.020004,313.75473,2218.959961,52.047131,54.316559,491.619995,39.633163,125.686516,691.049988,57.596344,368.829132,3226.72998
2021-04-06,134.784531,263.059998,218.332855,247.288986,306.26001,65.158676,138.583252,162.376938,2224.75,55.531025,368.697449,189.729996,151.666,253.190002,312.143188,2209.26001,51.669762,54.60532,491.339996,39.523624,125.995987,691.619995,57.831154,363.040344,3223.820068
2021-04-07,135.021515,263.619995,218.951965,249.32428,313.089996,65.84446,141.402588,162.595581,2249.679932,55.777435,370.203857,187.559998,154.042313,255.600006,310.840027,2239.030029,51.41156,54.366344,493.410004,39.882114,127.683121,670.969971,57.723534,364.305725,3279.389893
2021-04-08,135.534973,263.51001,220.379883,252.666565,313.019989,66.639565,143.137192,161.959549,2265.439941,55.195908,377.295502,187.320007,154.231232,264.5,312.789795,2250.429932,51.550591,54.097504,499.839996,39.533585,130.138947,683.799988,56.96011,363.558472,3299.300049
2021-04-09,134.656158,266.01001,222.19725,255.26059,312.459991,67.842155,143.96701,160.250214,2285.879883,55.067772,379.632751,187.889999,155.384583,266.769989,317.564758,2270.669922,51.729347,53.340755,504.040009,39.822369,132.774475,677.02002,56.851334,374.926788,3372.199951
2021-04-12,135.199249,267.929993,221.148773,255.32045,311.540009,65.009605,152.055145,160.637787,2254.790039,54.703087,379.393036,186.490005,155.056473,269.029999,319.116638,2244.620117,51.212944,53.091824,506.029999,39.892075,131.017456,701.97998,56.90078,374.906891,3379.389893
2021-04-13,133.412003,267.100006,220.699432,257.894501,309.76001,64.820763,156.759079,158.49118,2267.27002,54.910069,377.685059,185.490005,153.207123,275.429993,318.728668,2254.429932,51.302322,53.649429,514.859985,39.155174,134.202042,762.320007,56.979889,373.133392,3400.0
2021-04-14,133.895844,267.529999,221.658035,255.001175,302.820007,63.79707,152.735001,158.928452,2254.840088,56.496952,377.874847,187.460007,150.343643,267.209991,318.350616,2241.909912,51.014328,53.071907,510.630005,39.71283,131.806122,732.22998,57.059002,374.259277,3333.0
2021-04-15,135.515228,269.140015,225.951797,258.902161,307.820007,64.621986,161.335526,159.395538,2296.659912,56.161835,386.035187,185.929993,151.298126,274.0,321.056458,2285.25,51.282459,53.908314,523.25,38.57761,134.271927,738.849976,57.059002,388.586792,3379.090088
2021-04-16,135.525101,272.109985,226.081619,260.139313,306.179993,64.353638,159.088547,161.23407,2297.76001,55.846428,385.715607,187.259995,152.421661,269.869995,326.368591,2282.75,52.434429,54.874165,525.080017,38.985889,133.93251,739.780029,57.632557,389.58316,3399.439941
2021-04-19,134.893143,270.279999,225.462509,258.143921,302.23999,63.240498,153.582291,161.68129,2302.399902,55.669014,381.710297,187.429993,151.775375,267.910004,325.14502,2289.76001,52.484081,53.908314,516.169983,39.005802,134.611343,714.630005,57.741333,388.417389,3372.01001
2021-04-20,136.018814,267.890015,222.956146,257.665039,302.649994,62.316189,151.677734,165.447784,2293.629883,54.496101,376.186829,182.789993,148.414749,264.429993,322.270081,2279.01001,51.431423,53.92823,514.210022,37.920376,132.884293,718.98999,57.741333,395.082977,3334.689941
2021-04-21,135.130127,272.209991,227.120102,259.979675,301.470001,63.310066,153.569809,165.557098,2293.290039,55.195908,382.6492,183.110001,149.67746,264.890015,324.249725,2278.350098,51.570454,54.42609,512.340027,38.557693,133.273621,744.119995,57.494114,397.354675,3362.02002
2021-04-22,133.788559,269.51001,227.239929,256.577545,296.519989,62.186985,148.468475,164.155838,2267.919922,54.476387,382.908875,182.759995,146.525635,262.269989,319.783112,2252.52002,51.143433,54.167202,507.290009,38.1992,131.716278,719.690002,56.643665,395.092957,3309.040039
2021-04-23,133.102875,271.980011,229.666397,260.54837,301.130005,58.877369,152.617523,164.493744,2315.300049,54.772079,386.604553,183.020004,149.329483,266.029999,322.20047,2299.929932,51.550591,54.157246,515.840027,39.015762,134.092239,729.400024,56.663445,398.849182,3340.879883
2021-04-26,130.439621,270.859985,230.005905,260.947449,303.040009,58.400307,154.744537,163.102417,2326.73999,54.880501,387.014069,184.270004,149.697357,271.720001,318.320801,2309.929932,51.282459,54.087543,515.700012,39.244797,134.491562,738.200012,56.307442,394.415436,3409.0
2021-04-27,130.360107,273.649994,229.576538,261.366486,303.570007,57.615143,153.782257,162.168228,2307.120117,55.600018,388.612183,184.639999,150.383408,268.820007,318.917664,2290.97998,51.014328,54.067631,517.320007,39.71283,134.162109,704.73999,55.694332,393.060394,3417.429932
2021-04-28,130.578735,272.950012,233.111389,253.973541,307.100006,57.267284,152.732498,160.975677,2379.909912,57.275608,395.184418,183.389999,151.357788,271.089996,318.042236,2359.040039,50.75613,53.868484,515.47998,39.862198,133.353485,694.400024,55.803108,393.150055,3458.5
2021-04-29,131.681808,277.600006,236.516449,251.928268,329.51001,57.923244,153.212387,163.181915,2429.889893,58.093689,388.49234,185.330002,154.300827,267.850006,323.642883,2392.76001,51.103706,56.158646,516.090027,40.937672,133.253662,677.0,56.683224,400.084656,3471.310059
2021-04-30,132.586121,274.950012,233.221237,251.59903,325.079987,57.177834,150.060608,161.721024,2410.120117,56.418102,381.610413,186.020004,152.928741,262.290009,321.981628,2353.5,50.557514,55.909714,508.339996,40.360104,131.237091,709.440002,57.148003,397.344696,3467.419922
2021-05-03,134.15625,279.179993,232.272614,251.27977,322.579987,56.909489,148.333496,164.185669,2395.169922,57.975414,378.953552,185.509995,152.481323,259.089996,328.54715,2343.080078,50.815712,56.327915,503.459991,40.38998,132.315247,684.900024,57.276554,404.418793,3386.48999
2021-05-04,133.699112,280.26001,231.693451,247.219147,318.359985,56.551693,143.479614,166.729782,2354.25,58.340099,375.467651,184.25,154.589157,250.160004,331.034119,2306.830078,50.358898,56.387661,490.700012,40.828133,127.633202,673.599976,57.949001,409.838959,3311.870117
2021-05-05,132.625885,282.76001,228.877563,245.902191,315.019989,56.501999,144.55188,166.034134,2356.73999,60.094543,368.705627,181.509995,156.617477,247.399994,330.317871,2314.77002,50.775993,56.168602,486.690002,41.216499,127.88279,670.940002,58.038002,410.99472,3270.540039
2021-05-06,134.295364,289.709991,230.984497,249.154678,320.019989,57.189999,145.196716,166.699982,2381.350098,60.666214,375.038177,181.789993,159.769318,252.020004,335.819031,2337.350098,52.07692,56.73616,483.609985,41.833897,129.520004,663.539978,58.631336,413.455688,3306.370117
2021-05-07,134.305298,290.929993,231.783325,251.878387,319.079987,57.669998,148.088562,167.455261,2398.689941,61.533581,374.958252,184.839996,160.316177,253.360001,337.480316,2351.929932,53.06007,57.861324,488.730011,42.003185,130.210007,672.369995,58.067669,416.125916,3291.610107
2021-05-10,136.809555,292.329987,225.642242,246.61055,305.970001,55.970001,142.624817,169.214294,2341.659912,61.681427,365.908905,184.300003,160.29628,243.630005,339.340576,2291.75,52.791939,57.263893,479.380005,41.87373,126.849998,629.039978,58.858784,419.354126,3190.48999
2021-05-11,136.13382,285.630005,225.152954,245.662735,306.529999,55.040001,143.029724,167.832901,2308.76001,59.720001,367.177399,181.669998,157.631622,248.600006,328.93515,2270.060059,52.464226,57.253937,485.190002,41.395744,125.910004,617.200012,57.889671,410.197632,3223.909912
2021-05-12,134.692871,282.910004,220.309998,238.449402,302.549988,53.619999,137.553482,167.15712,2239.080078,60.040001,356.200348,177.850006,156.547882,239.910004,315.346405,2200.25,51.242737,56.377701,472.089996,41.007378,122.769997,589.890015,57.761112,403.890717,3151.939941
2021-05-13,136.859253,286.899994,223.740005,242.470108,305.26001,54.009998,136.621185,168.906204,2261.969971,59.299999,359.596344,178.339996,160.574677,240.800003,323.722473,2229.040039,52.126579,57.144405,474.160004,41.664612,124.970001,571.690002,58.15667,407.069092,3161.469971
2021-05-14,137.14743,290.679993,226.940002,247.578308,315.940002,55.349998,142.397354,169.164597,2316.159912,60.77,363.481781,173.699997,163.070297,246.289993,321.941803,2278.379883,52.533737,58.428886,486.559998,42.182434,127.449997,589.73999,58.038002,408.304565,3222.899902
2021-05-17,136.869186,289.220001,226.440002,244.615158,315.459991,55.330002,141.622543,169.333542,2321.409912,62.189999,362.872498,170.080002,163.726517,244.360001,318.340698,2288.919922,52.57346,55.222664,482.73999,42.560841,126.269997,576.830017,57.296333,407.138855,3270.389893
2021-05-18,135.468002,287.589996,225.570007,242.520004,309.959991,54.84,140.125381,169.393158,2303.429932,60.43,362.642792,169.679993,161.419815,243.210007,315.097687,2262.469971,52.56353,54.714848,480.619995,41.983269,124.849998,577.869995,56.544777,408.882446,3232.280029
2021-05-19,135.746246,286.220001,224.589996,243.119995,313.589996,55.360001,140.625275,169.025467,2308.709961,58.98,360.555237,169.270004,160.186905,244.630005,312.809723,2271.5,52.106716,54.007889,480.470001,41.794067,124.690002,563.460022,56.287663,408.005676,3231.800049
2021-05-20,137.137497,286.730011,226.440002,246.479996,318.609985,55.950001,146.091522,170.009323,2356.090088,58.84,367.267334,171.360001,159.908524,251.539993,314.252136,2306.949951,52.484081,54.804462,491.670013,41.694485,127.309998,586.780029,56.159111,407.148804,3247.679932
2021-05-21,137.137497,287.73999,226.770004,245.169998,316.230011,56.080002,149.883148,169.900009,2345.100098,58.919998,367.16745,172.399994,161.728027,250.690002,314.122803,2294.129883,52.066994,54.844296,488.070007,42.222267,125.43,580.880005,56.277779,410.127899,3203.080078
2021-05-24,137.097748,289.730011,229.320007,250.779999,324.630005,56.959999,156.084229,170.550003,2406.669922,59.610001,371.941833,174.309998,162.602982,257.170013,313.197662,2361.040039,53.020344,55.42181,497.829987,42.451302,127.099998,606.440002,56.347,409.450378,3244.98999
2021-05-25,137.564804,287.200012,229.020004,251.720001,327.790009,56.869999,156.441635,170.080002,2409.070068,58.259998,366.787903,176.169998,160.922684,258.649994,315.097687,2362.870117,52.940899,55.461639,505.079987,41.833897,126.900002,604.690002,55.852554,411.542694,3259.050049
2021-05-26,137.256744,287.329987,227.070007,251.490005,327.660004,56.919998,156.964035,169.070007,2433.530029,58.939999,362.223267,176.470001,160.902786,261.369995,315.674652,2380.310059,52.543667,56.606716,506.980011,41.863773,126.849998,619.130005,55.733887,411.702118,3265.159912
2021-05-27,134.136368,289.299988,226.860001,249.309998,332.75,57.73,154.844513,168.809998,2402.51001,58.560001,361.574036,179.039993,163.408356,259.470001,317.107147,2362.679932,52.553596,57.09462,498.279999,42.371635,125.279999,630.849976,55.664665,411.194,3230.110107
2021-05-28,134.007187,289.440002,227.300003,249.679993,328.730011,57.119999,162.407791,169.25,2411.560059,58.369999,360.155701,178.649994,163.298981,260.019989,317.246429,2356.850098,52.533737,57.09462,504.579987,42.212307,124.610001,625.219971,55.862446,410.41684,3223.070068
2021-06-01,132.0495,289.839996,226.630005,247.399994,329.130005,56.889999,162.607742,165.529999,2429.810059,60.459999,359.366638,178.839996,165.098618,259.269989,314.660004,2381.179932,52.255676,56.706291,495.910004,42.740082,124.279999,623.900024,55.753666,405.235809,3218.649902
2021-06-02,132.625885,290.019989,229.660004,247.300003,329.149994,57.48,167.744064,166.199997,2421.280029,60.939999,366.418335,177.0,165.108551,262.170013,313.230011,2370.590088,52.593323,56.447399,495.769989,42.759998,125.059998,605.119995,56.020668,404.368988,3233.98999
2021-06-03,135.000946,291.970001,228.110001,245.710007,326.040009,56.240002,169.658615,166.039993,2404.610107,61.18,361.394257,176.240005,165.217911,257.790009,311.429993,2347.580078,52.960762,56.148685,493.140015,43.25,123.540001,572.840027,56.347,406.471283,3187.01001
2021-06-04,135.100311,292.519989,230.139999,250.789993,330.350006,57.369999,175.742233,165.970001,2451.76001,61.450001,365.589294,177.179993,165.486374,263.040009,311.01001,2393.570068,53.695637,56.756077,504.5,43.27,125.889999,599.049988,56.663445,404.15976,3206.219971
2021-06-07,135.567368,289.459991,231.320007,253.809998,336.579987,57.09,176.149628,164.839996,2466.090088,61.049999,363.651581,176.990005,164.710846,260.600006,309.959991,2402.300049,53.546673,56.676414,509.470001,43.119999,125.900002,605.130005,56.564556,398.789429,3198.01001
2021-06-08,133.997238,289.190002,232.050003,252.570007,333.679993,57.0,174.530014,163.389999,2482.850098,62.130001,364.8302,176.330002,164.054626,263.149994,310.899994,2398.439941,53.755222,56.188515,509.200012,42.880001,126.739998,603.590027,56.515114,400.273956,3264.110107
2021-06-09,133.947556,288.579987,232.309998,253.589996,330.25,57.0,173.582504,165.589996,2491.399902,62.650002,362.902466,176.039993,162.006424,263.600006,307.339996,2407.939941,53.645985,56.019241,514.679993,42.32,127.129997,598.780029,56.416222,399.636322,3281.149902
2021-06-10,134.941299,284.910004,233.949997,257.23999,332.459991,57.380001,174.25,167.080002,2521.600098,62.75,363.871307,176.570007,159.480972,269.470001,308.309998,2435.129883,54.648991,56.357784,535.52002,41.689999,126.110001,610.119995,56.702999,400.024872,3349.649902
2021-06-11,134.01712,286.820007,234.960007,257.890015,331.26001,57.849998,178.252502,164.960007,2513.929932,62.169998,365.069916,177.380005,159.371597,271.450012,310.769989,2430.199951,54.390789,56.636589,541.26001,41.860001,127.349998,609.890015,56.693111,396.438049,3346.830078
2021-06-14,134.066818,283.529999,234.080002,259.890015,336.769989,58.189999,180.1875,165.369995,2527.040039,62.07,366.088715,178.179993,156.667206,274.929993,309.320007,2448.909912,53.794941,57.034878,556.950012,41.360001,130.479996,617.690002,56.544777,397.7034,3383.870117
2021-06-15,133.808426,283.940002,232.979996,258.359985,336.75,57.990002,177.884995,164.490005,2520.659912,64.330002,367.686829,175.860001,154.290878,271.890015,306.450012,2428.389893,53.417576,57.074707,548.460022,41.389999,129.639999,599.359985,56.653557,398.819305,3383.129883
2021-06-16,131.950119,283.109985,229.600006,257.380005,331.079987,57.220001,178.102493,164.429993,2513.929932,64.099998,363.391907,174.660004,155.374649,268.820007,302.779999,2415.449951,53.099792,56.875561,543.330017,41.619999,130.149994,604.869995,56.010777,395.800354,3415.25
2021-06-17,133.152557,278.690002,232.149994,260.899994,336.51001,57.18,186.572495,165.220001,2527.419922,61.990002,366.857819,174.649994,150.890472,278.109985,303.119995,2434.870117,52.762146,57.273849,551.359985,39.799999,131.789993,616.599976,55.901997,395.899994,3489.23999
2021-06-18,131.204803,274.040009,230.410004,259.429993,329.660004,55.669998,186.387497,161.979996,2511.350098,60.400002,366.987671,172.419998,147.072479,283.380005,302.609985,2402.219971,51.709484,56.467316,565.590027,38.779999,130.460007,623.309998,55.199886,389.369995,3486.899902
2021-06-21,132.238312,277.100006,234.320007,262.630005,332.290009,55.869999,184.272507,163.839996,2529.100098,62.59,372.65097,173.970001,149.5681,283.100006,307.600006,2436.25,52.811798,57.034878,567.349976,39.75,132.300003,620.830017,55.763554,398.070007,3453.959961
2021-06-22,132.287994,276.920013,235.929993,265.51001,339.029999,55.869999,188.867493,163.619995,2539.98999,63.790001,377.595154,173.5,149.349365,286.75,312.709991,2446.610107,52.891243,57.383381,575.73999,39.970001,133.979996,623.710022,55.743774,398.690002,3505.439941
2021-06-23,132.099182,274.660004,234.679993,265.269989,340.589996,55.259998,190.572495,162.630005,2529.22998,64.260002,374.698578,175.330002,150.25415,288.119995,311.670013,2442.540039,52.394707,55.24258,574.22998,40.200001,133.699997,656.570007,55.447109,395.559998,3503.820068
2021-06-24,132.188629,275.48999,236.240005,266.690002,343.179993,56.07,192.054993,163.369995,2545.639893,64.519997,374.309021,177.929993,151.636185,293.209991,311.839996,2450.0,52.414566,55.820099,578.26001,40.830002,133.410004,679.820007,55.743774,398.869995,3449.080078
2021-06-25,134.076752,278.380005,237.320007,265.019989,341.369995,55.91,190.309998,164.210007,2539.899902,64.660004,379.1633,178.350006,153.167358,289.600006,313.630005,2450.169922,52.692631,56.178555,579.659973,41.619999,133.110001,671.869995,55.753666,404.950012,3401.459961
2021-06-28,134.474258,276.609985,234.089996,268.720001,355.640015,57.48,199.850006,164.020004,2536.389893,63.009998,367.247345,176.570007,153.445755,293.649994,314.279999,2450.719971,52.593323,55.859924,588.799988,41.560001,134.779999,688.719971,55.555885,401.459991,3443.889893
2021-06-29,133.559998,276.209991,235.949997,271.399994,351.890015,56.75,200.267502,164.029999,2520.370117,62.619999,367.566956,173.929993,153.256851,292.76001,318.23999,2445.449951,52.543667,56.298046,590.75,40.889999,136.330002,680.76001,55.219666,398.100006,3448.139893
2021-06-30,134.08667,277.920013,233.820007,270.899994,347.709991,56.139999,200.024994,164.740005,2506.320068,63.080002,364.6604,175.770004,154.648819,291.480011,318.890015,2441.790039,52.633045,56.77599,585.640015,41.23,136.960007,679.700012,55.407551,400.440002,3440.159912
2021-07-01,134.394745,280.170013,235.149994,271.600006,354.390015,56.009998,202.119995,165.960007,2527.370117,63.259998,370.273773,177.259995,156.180008,289.0,321.540009,2448.889893,53.069996,57.502865,584.72998,41.540001,137.270004,677.919983,55.664665,404.890015,3432.969971
2021-07-02,135.050613,279.119995,238.630005,277.649994,354.700012,56.759998,204.869995,168.979996,2574.379883,63.169998,374.588684,177.110001,156.029999,290.23999,322.700012,2505.149902,53.540001,58.169998,593.070007,41.150002,139.960007,678.900024,55.812996,409.359985,3510.97998
2021-07-06,135.130112,277.320007,239.600006,277.660004,352.779999,56.09,206.985001,167.970001,2595.419922,61.369999,375.677399,173.690002,153.410004,292.640015,319.26001,2523.800049,52.98,57.66,596.900024,40.07,142.020004,659.580017,55.783333,410.26001,3675.73999
2021-07-07,136.143753,279.23999,240.0,279.929993,350.48999,55.959999,203.717499,169.410004,2601.550049,60.41,373.480011,172.820007,153.589996,297.130005,323.480011,2529.47998,53.259998,58.169998,605.77002,39.75,144.570007,644.650024,55.901997,411.660004,3696.580078
2021-07-08,136.123871,274.100006,236.610001,277.420013,345.649994,55.389999,199.027496,169.080002,2583.540039,60.139999,370.190002,172.800003,150.940002,295.049988,318.540009,2500.879883,53.259998,58.23,605.950012,38.779999,143.240005,652.809998,55.68,409.950012,3731.409912
2021-07-09,136.173553,280.48999,238.470001,277.940002,350.420013,55.990002,200.502502,169.75,2591.48999,61.23,372.940002,177.039993,155.770004,300.209991,322.089996,2510.370117,53.740002,58.029999,604.5,40.040001,145.110001,656.950012,56.07,412.109985,3719.340088
2021-07-12,136.282867,280.109985,237.869995,277.320007,353.160004,56.73,205.125,169.479996,2611.280029,61.169998,375.559998,184.380005,158.0,302.970001,321.73999,2539.51001,53.23,58.259998,600.200012,40.630001,144.5,685.700012,56.150002,416.040009,3718.550049
2021-07-13,136.113937,279.209991,242.350006,280.980011,352.089996,56.869999,202.5,169.270004,2619.889893,60.880001,383.709991,183.649994,155.649994,301.190002,317.049988,2546.830078,53.32,57.82,605.01001,39.860001,145.639999,668.539978,56.09,418.540009,3677.360107
2021-07-14,137.117615,278.309998,245.990005,282.51001,347.630005,56.52,198.414993,170.419998,2641.649902,59.529999,390.799988,183.419998,155.119995,300.75,319.220001,2564.73999,54.09,57.77,608.830017,38.860001,149.149994,653.380005,56.32,414.73999,3681.679932
2021-07-15,138.290253,279.720001,248.550003,281.029999,344.459991,55.810001,189.662506,168.369995,2625.330078,58.950001,390.230011,184.149994,155.460007,296.51001,322.709991,2540.100098,53.650002,57.950001,606.169983,38.830002,148.479996,650.599976,56.549999,420.049988,3631.199951
2021-07-16,139.631805,277.899994,248.119995,280.75,341.160004,54.970001,181.610001,168.100006,2636.909912,57.32,387.119995,179.309998,151.910004,294.630005,321.540009,2539.399902,53.700001,57.549999,606.099976,37.919998,146.389999,644.219971,56.459999,419.700012,3573.629883
2021-07-19,139.562256,272.660004,240.410004,277.01001,336.950012,54.639999,187.797501,166.880005,2585.080078,55.349998,365.450012,172.949997,146.970001,294.850006,318.869995,2491.560059,53.060001,56.630001,602.049988,36.93,142.449997,646.219971,55.84,409.059998,3549.590088
2021-07-20,138.81694,276.890015,242.699997,279.320007,341.660004,55.240002,186.119995,168.449997,2622.030029,55.959999,374.390015,176.75,149.710007,298.070007,325.350006,2524.189941,53.580002,57.080002,608.719971,37.689999,146.149994,660.5,55.580002,412.970001,3573.189941
2021-07-21,138.329987,279.880005,243.660004,281.399994,346.230011,56.23,194.100006,169.490005,2652.01001,57.759998,380.059998,176.889999,152.860001,301.769989,326.359985,2550.97998,53.880001,57.810001,612.26001,38.459999,145.399994,655.289978,55.950001,414.640015,3585.199951
2021-07-22,137.800003,277.700012,244.139999,286.140015,351.190002,55.959999,195.940002,169.979996,2666.570068,57.110001,382.160004,175.130005,150.929993,303.690002,326.660004,2568.429932,54.540001,57.790001,623.679993,37.959999,146.800003,649.26001,55.950001,415.769989,3638.030029
2021-07-23,139.789993,278.48999,249.020004,289.670013,369.790009,53.0,195.580002,171.789993,2756.320068,57.040001,393.26001,176.139999,150.639999,308.529999,332.839996,2660.300049,55.23,58.360001,625.869995,37.700001,148.559998,643.380005,55.880001,417.700012,3656.639893
2021-07-26,140.279999,278.799988,250.25,289.049988,372.459991,54.310001,192.940002,171.869995,2792.889893,58.48,392.799988,178.740005,151.649994,306.799988,331.179993,2680.699951,55.470001,58.700001,620.799988,38.130001,148.990005,657.619995,55.779999,413.540009,3699.820068
2021-07-27,140.850006,280.779999,250.929993,286.540009,367.809998,53.18,192.080002,172.660004,2735.929932,57.830002,390.269989,179.5,151.449997,300.480011,327.26001,2638.0,55.279999,58.560001,618.280029,37.98,146.770004,644.780029,56.200001,415.100006,3626.389893
2021-07-28,138.759995,278.100006,246.940002,286.220001,373.279999,53.07,195.029999,172.179993,2727.629883,58.220001,383.440002,179.100006,151.699997,301.980011,325.519989,2721.879883,54.77,57.98,620.919983,38.130001,144.979996,646.97998,55.720001,409.170013,3630.320068
2021-07-29,139.479996,279.76001,247.919998,286.5,358.320007,53.700001,196.619995,172.179993,2730.810059,58.93,388.809998,178.350006,153.0,283.170013,327.429993,2715.550049,55.07,58.110001,621.700012,38.68,145.639999,677.349976,55.98,412.079987,3599.919922
2021-07-30,142.229996,278.290009,246.389999,284.910004,356.299988,53.720001,194.990005,172.199997,2704.419922,57.57,385.940002,176.020004,151.779999,275.529999,328.190002,2694.530029,55.369999,58.830002,621.630005,38.360001,145.860001,687.200012,55.779999,412.220001,3327.590088
